code,hall_number,zprime,smiles,n_cells,n_hit_cells,max_sr_percent,first_hit_cell,n_fallback_cells,n_fallback_hit_cells,outcome
ACEMID02,452,1.0,CC(N)=O,34,21,48.42,1,0,0,covered
ACSALA,81,1.0,CC(=O)OC1=CC=CC=C1C(=O)O,72,29,2.732,3,0,0,covered
ACSALA13,81,1.0,CC(=O)OC1=CC=CC=C1C(=O)O,72,27,1.562,3,0,0,covered
ADAMAN01,6,1.0,C1C2CC3CC1CC(C2)C3,72,71,83.33,1,0,0,covered
AFIGIH,2,1.0,s1c(Nc2ccccc2)c(c(c1C(=O)OCC)C)C(=O)C,72,64,5.208,2,0,0,covered
AVIBEN,6,1.0,C1=CC=C2C=C3C=C4C(=CC3=CC2=C1)C5=C(S4)C6=CC7=CC8=CC=CC=C8C=C7C=C6S5,72,55,20,1,0,0,covered
AXIDER,6,1.0,C1=CC=C(C=C1)C2=C3C(=C4C=CC(=CC4=C(C3=C(C5=C2C=C(C=C5)F)C6=CC=C(C=C6)F)C7=CC=CC=C7)F)C8=CC=C(C=C8)F,72,29,12.5,1,0,0,covered
AXOSOW01,290,1.0,C=CC=O,72,70,13.54,1,0,0,covered
BENZEN,115,1.0,C1=CC=CC=C1,72,38,68.75,1,0,0,covered
BETFOV,2,1.0,S1C(=C([C@]2(SC(=C3CCCC[C@]123)C)C)C#N)C#N,72,42,1.562,1,0,0,covered
BIPHEN,6,1.0,C1=CC=C(C=C1)C2=CC=CC=C2,72,66,65.62,1,0,0,covered
BOQQUT,81,1.0,C1CC2CC(C1)C(=O)NC2=O,72,27,26.04,1,0,0,covered
BZPHAN01,115,1.0,C1=CC=C2C(=C1)C=CC3=C2C4=CC=CC=C4C=C3,72,48,8.511,1,0,0,covered
CAYKUJ,6,1.0,O1C[C@@H](N=C1c1c(sc(c1c1c(sc(c1C1=N[C@H](CO1)C(C)(C)C)C)C)C)C)C(C)(C)C,72,16,1.042,19,0,0,covered
COUMAR01,143,1.0,O=C1C=Cc2ccccc2O1,72,57,21.88,2,0,0,covered
CRYSEN,9,1.0,C1=CC=C2C(=C1)C=CC3=C2C=CC4=CC=CC=C43,72,38,25.27,1,0,0,covered
CYANAM01,290,1.0,NC#N,72,46,50,1,0,0,covered
DBZCOR,9,1.0,c1ccc3c(c1)c8ccc7ccc6c2ccccc2c5ccc4ccc3c9c4c5c6c7c89,72,30,9.091,1,0,0,covered
DOCXEA,82,1.0,C1=CC=C2C(=C1)C3=C(S2)C4=CC5=CC6=C(C=C5C=C4S3)C7=C(S6)C8=CC=CC=C8S7,72,5,0.6316,33,0,0,covered
DURNAH,6,1.0,s1c2c3ccc(cc3sc2c2ccc(cc12)c1ccccc1)CCCC,72,26,0.4005,2,0,0,covered
DUTGIK,6,1.0,C1=CC=C(C=C1)C2=CC3=C(C=C2)C4=C(S3)C5=CC6=CC7=C(C=C6C=C5S4)C8=C(S7)C9=C(S8)C=C(C=C9)C1=CC=CC=C1,72,37,15.62,1,0,0,covered
ECENAD,6,1.0,C1=CC=C2C(=C1)C3=C(S2)C4=CC5=C(C=C4S3)C6=C(S5)C7=CC=CC=C7S6,72,47,8,1,0,0,covered
EVIDEV,6,1.0,CSc4cc3sc2c1sc(SC)cc1sc2c3s4,72,16,1.103,6,0,0,covered
FIQSEG,6,1.0,CSc3cc2cc1sc(SC)cc1cc2s3,72,10,0.2261,7,0,0,covered
FOJTUU,115,1.0,C1=CC=C2C=C(C=CC2=C1)C3=C4C=CC5=C6C4=C(S3)C=CC6=C(S5)C7=CC8=CC=CC=C8C=C7,62,22,1.075,6,0,0,covered
FOJVAC,6,1.0,s1c(c2c3c1ccc1c(sc(c31)cc2)c1ccc(cc1)c1ccccc1)c1ccc(cc1)c1ccccc1,72,36,5.759,1,0,0,covered
FORMAM,82,1.0,NC=O,72,43,15.62,1,0,0,covered
FUNZOE,6,1.0,S1(=O)(=O)[C@H]([C@H](c2ccccc2)CC1)C(=O)OCC,72,37,1.562,2,0,0,covered
GUFJOG,82,1.0,C1=C(SC=C1O)C#N,72,24,4.167,2,0,0,covered
HAJJIN,6,1.0,s1c(/C=C/c2ccccc2)cc2c1sc1sc(cc21)/C=C/c1ccccc1,72,35,8.333,1,0,0,covered
HAMTIZ01,82,1.0,c1(c(cc(c(c1)NC(=O)C)C)N(=O)=O)N(=O)=O,72,12,5.405,12,0,0,covered
JAYDUI,82,1.0,CCC,72,37,38.54,5,0,0,covered
JUFRIO,6,1.0,s1cc(SC)c2cc3cc4c(cc3cc12)cc1c(SC)csc1c4,72,12,8.421,12,0,0,covered
KEKJEQ,6,1.0,C1=CC=C(C=C1)N2C(=O)C3=C4C(=CC=C5C4=C(C=C3)C(=O)N(C5=O)C6=CC=CC=C6)C2=O,72,13,16.67,2,0,0,covered
KUPWOJ,6,1.0,C1=CC=C(C=C1)C2=CC3=CC4=C(C=C3C=C2)C5=C(S4)C6=C(S5)C=C7C=C(C=CC7=C6)C8=CC=CC=C8,72,46,7.447,1,0,0,covered
KUPWUP,115,1.0,C2=CC1=CC4=C(C=C1C=C2C3=CC=CC=C3)C5=C(S4)C7=C(S5)C=C6C=CC(=CC6=C7)C8=CC=CC=C8,62,19,9.89,6,0,0,covered
LEVJON,2,1.0,s1c(cc2c1-c1sc(cc1[C@]13[C@@]2(OCCO3)OCCO1)C(=O)c1c(F)c(F)c(F)c(F)c1F)C(=O)c1c(F)c(F)c(F)c(F)c1F,72,9,0.5425,3,0,0,covered
MERQIM,6,1.0,s1c2c(c3c1SCCC3)cc1sc3SCCCc3c1c2,72,47,2.139,2,0,0,covered
MERQOS,115,1.0,c4c2sc1SCCSc1c2cc5sc3SCCSc3c45,72,25,0.7812,6,0,0,covered
MERQUY,6,1.0,s1c2cc3c4SCCCc4sc3cc2c2SCCCc12,72,27,3.125,1,0,0,covered
MERRAF,6,1.0,c4c2sc1SCSc1c2cc5sc3SCSc3c45,72,4,45.83,22,0,0,covered
MIVDEC,164,1.0,CC1=CC=C(C=C1)C2=C3C=CC=CC3=C(C4=C(C5=CC=CC=C5C(=C24)C6=CC=CC=C6)C7=CC=CC=C7)C8=CC=C(C=C8)C,72,38,16.67,2,0,0,covered
MUVMIA,6,1.0,s1c2cc3ccc(cc3cc2c2c1c1c(s2)cc2ccc(cc2c1)C)C,72,60,39.36,1,0,0,covered
NACJAF,82,1.0,C(#N)C1=C(SC2=NSC(=C2S1)C#N)C#N,72,8,6.25,2,0,0,covered
NAPHTA15,6,1.0,C1=CC=C2C=CC=CC2=C1,72,69,81.25,1,0,0,covered
NICLAN,6,1.0,s1c2c(c3sc4c(cc5c(cccc5)c4)c13)cc1ccccc1c2,72,59,18.48,1,0,0,covered
OBEQET,290,1.0,CC(=O)C(=[N+]=[N-])S(=O)(=O)C1=CC=C(C=C1)Cl,72,13,0.5495,11,0,0,covered
OBEQIX,82,1.0,CC1=CC=C(C=C1)S(=O)(=O)C2=C(N=C(S2)C3=CC=C(C=C3)NC(=O)OCC4=CC=CC=C4)C,72,6,0.1074,3,0,0,covered
OBEQOD,81,1.0,C1=C(C(=CC(=C1Cl)Cl)[N+](=O)[O-])[N+](=O)[O-],72,13,9.375,1,0,0,covered
OBEQUJ,290,1.0,C1=CC=C(C(=C1)[N+]#N)[O-],72,0,0,,72,4,covered_frozen_lattice
OKUPUG,6,1.0,C1=CC=C(C=C1)C2=CC3=C(S2)C4=C(C=C3)C5=C(C=C4)C=C(S5)C6=CC=CC=C6,72,46,29.47,2,0,0,covered
OXALAC02,115,1.0,C(=O)(C(=O)O)O,72,9,1.302,9,0,0,covered
OXALAC11,6,1.0,C(=O)(C(=O)O)O,72,28,29.17,1,0,0,covered
PAHYON01,90,1.0,N1C(=O)NC(=O)C1,72,11,7.292,14,0,0,covered
PHENAZ01,6,1.0,C1=CC=C2C(=C1)N=C3C=CC=CC3=N2,72,62,92.71,1,0,0,covered
PYRENE07,81,1.0,C1=CC2=C3C(=C1)C=CC4=CC=CC(=C43)C=C2,72,40,17.71,1,0,0,covered
PYRZIN01,81,1.0,NC(=O)c1cnccn1,72,6,4.891,13,0,0,covered
QAXMEH53,2,1.0,s1c(Nc2c(N(=O)=O)cccc2)c(cc1C)C#N,72,0,0,,72,0,miss
QQQCIG04,82,1.0,C1=CC=C(C=C1)C2=C3C=CC=CC3=C(C4=C(C5=CC=CC=C5C(=C24)C6=CC=CC=C6)C7=CC=CC=C7)C8=CC=CC=C8,72,7,10.42,26,0,0,covered
QUATER10,81,1.0,C1=CC2=C3C(=C1)C4=C5C(=CC=C6C5=C(C=C4)C7=C8C6=CC=C9C8=C(C=C7)C1=CC=CC4=C1C9=CC=C4)C3=CC=C2,72,27,3.125,1,0,0,covered
QUPHEN,6,1.0,C1=CC=C(C=C1)C2=CC=C(C=C2)C3=CC=C(C=C3)C4=CC=CC=C4,72,42,15.56,3,0,0,covered
RESORA03,164,1.0,C1=CC(=CC(=C1)O)O,72,71,15.62,1,0,0,covered
SIRMIQ01,6,1.0,s1c2cc3c(sc4c3cccc4)cc2c2c1cccc2,72,47,25.26,1,0,0,covered
SITJUC,6,1.0,s1c2=C(c3cc4=c5c(=C(c4cc3=c2c2c1cccc2)c1c(cc(cc1C)C)C)sc1c5cccc1)c1c(cc(cc1C)C)C,72,67,16.84,1,0,0,covered
SUCXIZ,112,1.0,C1=CC=C(C=C1)C2=CC=CC3=C2SC=C3C4=CC=CC=C4,72,50,7.778,6,0,0,covered
TBZPYR,6,1.0,c1ccc4c(c1)cc5ccc6cc2ccccc2c7c3ccccc3c4c5c67,72,34,19.79,4,0,0,covered
TIDFES,2,1.0,O=S(c1ccccc1)c5c2ccccc2c(c3ccccc3)c6cc4ccccc4cc56,72,65,5.208,2,0,0,covered
UJIRIO01,81,1.0,Nc2cccc(=NS(=O)(=O)c1ccccc1)[nH]2,72,8,0.2083,5,0,0,covered
UJIRIO05,290,1.0,Nc2cccc(=NS(=O)(=O)c1ccccc1)[nH]2,72,4,0.1042,24,0,0,covered
UREAXX02,6,1.0,C(=O)(N)N,72,61,55.21,1,0,0,covered
UVAGUU,82,1.0,C1=CC=C(C=C1)C2=CC3=CC4=CC5=C(C=C4C=C3S2)C=C(S5)C6=CC=CC=C6,72,14,5.208,13,0,0,covered
UVAHAB,6,1.0,C1=CC=C(C=C1)C2=CC3=C(S2)C=CC4=C3C=CC5=C4C=C(S5)C6=CC=CC=C6,72,56,14.58,1,0,0,covered
UVAHEF,6,1.0,C1=CC=C(C=C1)C2=CC3=C(C=C2)C4=C(S3)C5=C(S4)C=C(C=C5)C6=CC=CC=C6,72,47,23.96,1,0,0,covered
VOBYAN,6,1.0,s1c2c3cc4c(cc3c3sccc3c2cc1)c1sccc1c1c4scc1,72,43,35.29,3,0,0,covered
WEXBOS,6,1.0,s1c(c2ccccc2)c(c2ccccc2)c2c1c(c(s2)c1ccccc1)c1ccccc1,72,19,3.125,6,0,0,covered
WIDBAO,81,1.0,s1c(=S)n(c2ccccc12)C(=S)N(C)C,72,11,0.625,7,0,0,covered
XAFPAY,81,1.0,C1=CC=C(C(=C1)C(=O)O)NC2=CC=C(C=C2)CCC3=CC(=C(C=C3)Cl)Cl,72,0,0,,72,0,miss
XAFPAY01,2,1.0,C1=CC=C(C(=C1)C(=O)O)NC2=CC=C(C=C2)CCC3=CC(=C(C=C3)Cl)Cl,72,14,1.045,10,0,0,covered
XAFPAY03,82,1.0,C1=CC=C(C(=C1)C(=O)O)NC2=CC=C(C=C2)CCC3=CC(=C(C=C3)Cl)Cl,72,5,0.1042,9,0,0,covered
XELYUJ,6,1.0,c6csc(c5ccc(c4ccc(c3ccc(c2ccc(c1cccs1)s2)cc3)cc4)s5)c6,72,28,1.596,3,0,0,covered
XULDUD,290,1.0,o1cc2CCc2c1,72,37,13.54,2,0,0,covered
XULDUD01,81,1.0,o1cc2CCc2c1,72,0,0,,72,5,covered_frozen_lattice
YIHVUI,6,1.0,s1c(cc2sc3c(sc4c3cccc4)c12)c1sc2c(sc3c2sc2c3cccc2)c1,72,37,2.083,1,0,0,covered
YOKBIK,6,1.0,CCCCCCCCC1=CC2=C(C=C1)C3=C(S2)C4=C(S3)C=C(C=C4)CCCCCCCC,72,13,2.174,6,0,0,covered
